{
  "total_texts": 2595,
  "logogram_vocabulary_size": 167,
  "top_logograms": {
    "BABBAR": 4217,
    "DUMU": 2640,
    "IGI": 1515,
    "IŠTAR": 841,
    "KIŠIB": 690,
    "URUDU": 662,
    "AN.NA": 548,
    "DINGIR": 429,
    "SIG₅": 391,
    "ITU.KAM": 343,
    "ḪI.A": 334,
    "DU₁₀": 320,
    "TA": 316,
    "PUZUR₄": 308,
    "DAM.": 257,
    "KI": 243,
    "UTU": 234,
    "GAL": 210,
    "KAM": 162,
    "BA": 158,
    "ITU.": 154,
    "ANŠE": 147,
    "GI": 141,
    "ŠU.": 106,
    "EN.": 104,
    "ŠE": 104,
    "DIRI": 103,
    "IM": 82,
    "MAR.TU": 81,
    "PUZUR₄.IŠTAR": 76
  },
  "subscript_patterns_count": 701,
  "top_subscript_patterns": {
    "SIG₅": 271,
    "qí-bi₄-ma": 228,
    "il₅-qé": 179,
    "li-bi₄": 128,
    "PUZUR₄": 118,
    "i-tur₄-DINGIR": 111,
    "a-šur-DU₁₀": 91,
    "i-dí-a-bi₄-im": 89,
    "a-šùr-DU₁₀": 87,
    "ili₅-ba-ni": 74,
    "PUZUR₄-a-šur": 70,
    "u₄-mì-im": 60,
    "šé-bi₄-lam": 52,
    "a-lá-bi₄-im": 49,
    "a-al-DU₁₀": 47,
    "a-bi₄-ni": 46,
    "u₄-me-šu": 45,
    "i-sú-rik₁₃": 43,
    "PUZUR₄-a-na": 42,
    "šu-ku-bi₄-im": 41
  },
  "unique_numbers": 244,
  "top_numbers": {
    "1": 1371,
    "2": 799,
    "5": 543,
    "3": 531,
    "10": 462,
    "0.5": 341,
    "4": 323,
    "0.33333": 259,
    "1.5": 252,
    "15": 227,
    "6": 194,
    "7": 151,
    "20": 140,
    "8": 129,
    "30": 127,
    "0.66666": 116,
    "12": 111,
    "1.3333300000000001": 83,
    "2.5": 78,
    "40": 70
  },
  "measurement_patterns": {
    "1 ma-na": 478,
    "1 GÍN": 257,
    "0.5 ma-na": 247,
    "5 GÍN": 229,
    "0.33333 ma-na": 218,
    "10 GÍN": 190,
    "2 GÍN": 188,
    "3 GÍN": 175,
    "2 ma-na": 171,
    "10 ma-na": 163,
    "5 ma-na": 148,
    "1.5 GÍN": 144,
    "1 GÚ": 128,
    "15 GÍN": 117,
    "3 ma-na": 103,
    "0.66666 ma-na": 98,
    "1.5 ma-na": 92,
    "4 ma-na": 83,
    "7 GÍN": 77,
    "6 GÍN": 74
  },
  "pn_forms_count": 13046,
  "gn_forms_count": 328
}